{
  "images": [
    {
      "guid": "e18afffb-416f-4943-a810-5de00c6597ac",
      "path": "D:\\_DEV\\Ai\\DeepLearningProjects\\Segmentation\\ThreadInspection\\Images\\e18afffb-416f-4943-a810-5de00c6597ac.png",
      "maskPath": "D:\\_DEV\\Ai\\DeepLearningProjects\\Segmentation\\ThreadInspection\\Masks\\e18afffb-416f-4943-a810-5de00c6597ac.png",
      "roi": {
        "location": {
          "isEmpty": true,
          "x": 0,
          "y": 0
        },
        "size": {
          "isEmpty": false,
          "width": 648,
          "height": 486
        },
        "x": 0,
        "y": 0,
        "width": 648,
        "height": 486,
        "left": 0,
        "top": 0,
        "right": 648,
        "bottom": 486,
        "isEmpty": false
      },
      "split": "train",
      "segmentationStats": {
        "tp": 1198,
        "fp": 11,
        "fn": 60,
        "tn": 313659,
        "accuracy": 0.9997745516435185,
        "precision": 0.9909015715385369,
        "recall": 0.9523052464153235,
        "specificity": 0.9999649312971913,
        "dice": 0.9712201053872266,
        "ioU": 0.9440504334046963,
        "fpr": 3.506870277680253E-05,
        "inferenceMs": 268.8881
      },
      "addedAt": "2025-11-24T20:39:37.2392393+01:00"
    },
    {
      "guid": "ff2afe2e-999e-4b35-a415-2bb97f93da2c",
      "path": "D:\\_DEV\\Ai\\DeepLearningProjects\\Segmentation\\ThreadInspection\\Images\\ff2afe2e-999e-4b35-a415-2bb97f93da2c.png",
      "maskPath": "D:\\_DEV\\Ai\\DeepLearningProjects\\Segmentation\\ThreadInspection\\Masks\\ff2afe2e-999e-4b35-a415-2bb97f93da2c.png",
      "roi": {
        "location": {
          "isEmpty": true,
          "x": 0,
          "y": 0
        },
        "size": {
          "isEmpty": false,
          "width": 648,
          "height": 486
        },
        "x": 0,
        "y": 0,
        "width": 648,
        "height": 486,
        "left": 0,
        "top": 0,
        "right": 648,
        "bottom": 486,
        "isEmpty": false
      },
      "split": "train",
      "segmentationStats": {
        "tp": 489,
        "fp": 4,
        "fn": 47,
        "tn": 314388,
        "accuracy": 0.9998380582228001,
        "precision": 0.9918864097161889,
        "recall": 0.9123134328188001,
        "specificity": 0.9999872770299181,
        "dice": 0.9504373177750202,
        "ioU": 0.905555555538786,
        "fpr": 1.2722970050128097E-05,
        "inferenceMs": 82.8882
      },
      "addedAt": "2025-11-24T20:39:37.3092853+01:00"
    },
    {
      "guid": "de384efa-1870-4c8c-beff-005a9d71bca0",
      "path": "D:\\_DEV\\Ai\\DeepLearningProjects\\Segmentation\\ThreadInspection\\Images\\de384efa-1870-4c8c-beff-005a9d71bca0.png",
      "maskPath": "D:\\_DEV\\Ai\\DeepLearningProjects\\Segmentation\\ThreadInspection\\Masks\\de384efa-1870-4c8c-beff-005a9d71bca0.png",
      "roi": {
        "location": {
          "isEmpty": false,
          "x": 132,
          "y": 119
        },
        "size": {
          "isEmpty": false,
          "width": 389,
          "height": 367
        },
        "x": 132,
        "y": 119,
        "width": 389,
        "height": 367,
        "left": 132,
        "top": 119,
        "right": 521,
        "bottom": 486,
        "isEmpty": false
      },
      "split": "train",
      "segmentationStats": {
        "tp": 977,
        "fp": 61,
        "fn": 372,
        "tn": 313518,
        "accuracy": 0.9986250825585213,
        "precision": 0.9412331406460384,
        "recall": 0.7242401779041939,
        "specificity": 0.9998054716673948,
        "dice": 0.8186007540811957,
        "ioU": 0.6929078014135255,
        "fpr": 0.00019452833257328474,
        "inferenceMs": 71.7265
      },
      "addedAt": "2025-11-24T20:39:37.331437+01:00"
    },
    {
      "guid": "ee318912-ee7c-4f65-b2b5-6137f144f8bf",
      "path": "D:\\_DEV\\Ai\\DeepLearningProjects\\Segmentation\\ThreadInspection\\Images\\ee318912-ee7c-4f65-b2b5-6137f144f8bf.png",
      "maskPath": "D:\\_DEV\\Ai\\DeepLearningProjects\\Segmentation\\ThreadInspection\\Masks\\ee318912-ee7c-4f65-b2b5-6137f144f8bf.png",
      "roi": {
        "location": {
          "isEmpty": false,
          "x": 184,
          "y": 0
        },
        "size": {
          "isEmpty": false,
          "width": 410,
          "height": 344
        },
        "x": 184,
        "y": 0,
        "width": 410,
        "height": 344,
        "left": 184,
        "top": 0,
        "right": 594,
        "bottom": 344,
        "isEmpty": false
      },
      "split": "train",
      "segmentationStats": {
        "tp": 1872,
        "fp": 97,
        "fn": 168,
        "tn": 312791,
        "accuracy": 0.9991585378244868,
        "precision": 0.9507364144187368,
        "recall": 0.9176470588190312,
        "specificity": 0.9996899849146978,
        "dice": 0.9338987278599803,
        "ioU": 0.8759943846472813,
        "fpr": 0.0003100150852701187,
        "inferenceMs": 83.9197
      },
      "addedAt": "2025-11-24T20:39:37.3570984+01:00"
    },
    {
      "guid": "21b95fa1-a9dc-4d8e-9da9-b12270153999",
      "path": "D:\\_DEV\\Ai\\DeepLearningProjects\\Segmentation\\ThreadInspection\\Images\\21b95fa1-a9dc-4d8e-9da9-b12270153999.png",
      "maskPath": "D:\\_DEV\\Ai\\DeepLearningProjects\\Segmentation\\ThreadInspection\\Masks\\21b95fa1-a9dc-4d8e-9da9-b12270153999.png",
      "roi": {
        "location": {
          "isEmpty": false,
          "x": 263,
          "y": 13
        },
        "size": {
          "isEmpty": false,
          "width": 367,
          "height": 388
        },
        "x": 263,
        "y": 13,
        "width": 367,
        "height": 388,
        "left": 263,
        "top": 13,
        "right": 630,
        "bottom": 401,
        "isEmpty": false
      },
      "split": "validate",
      "segmentationStats": {
        "tp": 1528,
        "fp": 165,
        "fn": 322,
        "tn": 312913,
        "accuracy": 0.9984536147944609,
        "precision": 0.9025398700478291,
        "recall": 0.8259459459414814,
        "specificity": 0.9994729747858041,
        "dice": 0.8625458650836507,
        "ioU": 0.7583126550830853,
        "fpr": 0.0005270252141638657,
        "inferenceMs": 74.1536
      },
      "addedAt": "2025-11-24T20:39:37.3797586+01:00"
    },
    {
      "guid": "cb251250-ff05-445c-be6e-a61bd3cb05dc",
      "path": "D:\\_DEV\\Ai\\DeepLearningProjects\\Segmentation\\ThreadInspection\\Images\\cb251250-ff05-445c-be6e-a61bd3cb05dc.png",
      "maskPath": "D:\\_DEV\\Ai\\DeepLearningProjects\\Segmentation\\ThreadInspection\\Masks\\cb251250-ff05-445c-be6e-a61bd3cb05dc.png",
      "roi": {
        "location": {
          "isEmpty": false,
          "x": 4,
          "y": 93
        },
        "size": {
          "isEmpty": false,
          "width": 447,
          "height": 298
        },
        "x": 4,
        "y": 93,
        "width": 447,
        "height": 298,
        "left": 4,
        "top": 93,
        "right": 451,
        "bottom": 391,
        "isEmpty": false
      },
      "split": "validate",
      "segmentationStats": {
        "tp": 1601,
        "fp": 67,
        "fn": 652,
        "tn": 312608,
        "accuracy": 0.9977169384747943,
        "precision": 0.9598321342868116,
        "recall": 0.7106080781149108,
        "specificity": 0.9997857199967698,
        "dice": 0.8166284111175297,
        "ioU": 0.6900862068935772,
        "fpr": 0.00021428000319820213,
        "inferenceMs": 73.175
      },
      "addedAt": "2025-11-24T20:39:37.4012517+01:00"
    },
    {
      "guid": "ef055af1-bb45-4cfd-80ff-33d7cbdb0500",
      "path": "D:\\_DEV\\Ai\\DeepLearningProjects\\Segmentation\\ThreadInspection\\Images\\ef055af1-bb45-4cfd-80ff-33d7cbdb0500.png",
      "maskPath": "D:\\_DEV\\Ai\\DeepLearningProjects\\Segmentation\\ThreadInspection\\Masks\\ef055af1-bb45-4cfd-80ff-33d7cbdb0500.png",
      "roi": {
        "location": {
          "isEmpty": false,
          "x": 160,
          "y": 154
        },
        "size": {
          "isEmpty": false,
          "width": 322,
          "height": 305
        },
        "x": 160,
        "y": 154,
        "width": 322,
        "height": 305,
        "left": 160,
        "top": 154,
        "right": 482,
        "bottom": 459,
        "isEmpty": false
      },
      "split": "train",
      "segmentationStats": {
        "tp": 1379,
        "fp": 168,
        "fn": 330,
        "tn": 313051,
        "accuracy": 0.998418686175856,
        "precision": 0.8914027149263646,
        "recall": 0.8069046225815864,
        "specificity": 0.9994636340706982,
        "dice": 0.8470515970489956,
        "ioU": 0.7346830047909714,
        "fpr": 0.0005363659292699186,
        "inferenceMs": 70.9637
      },
      "addedAt": "2025-11-24T20:39:37.485925+01:00"
    },
    {
      "guid": "4798c29c-eb19-454b-9684-57426d13992a",
      "path": "D:\\_DEV\\Ai\\DeepLearningProjects\\Segmentation\\ThreadInspection\\Images\\4798c29c-eb19-454b-9684-57426d13992a.png",
      "maskPath": "D:\\_DEV\\Ai\\DeepLearningProjects\\Segmentation\\ThreadInspection\\Masks\\4798c29c-eb19-454b-9684-57426d13992a.png",
      "roi": {
        "location": {
          "isEmpty": false,
          "x": 258,
          "y": 19
        },
        "size": {
          "isEmpty": false,
          "width": 342,
          "height": 268
        },
        "x": 258,
        "y": 19,
        "width": 342,
        "height": 268,
        "left": 258,
        "top": 19,
        "right": 600,
        "bottom": 287,
        "isEmpty": false
      },
      "split": "train",
      "segmentationStats": {
        "tp": 1459,
        "fp": 161,
        "fn": 530,
        "tn": 312778,
        "accuracy": 0.9978058476857885,
        "precision": 0.900617283945058,
        "recall": 0.7335344394131045,
        "specificity": 0.9994855227376261,
        "dice": 0.8085342200033014,
        "ioU": 0.6786046511596344,
        "fpr": 0.0005144772623418457,
        "inferenceMs": 75.3909
      },
      "addedAt": "2025-11-24T20:39:37.5040608+01:00"
    },
    {
      "guid": "fa8e70d7-bd12-4bcb-9db0-c978ab122082",
      "path": "D:\\_DEV\\Ai\\DeepLearningProjects\\Segmentation\\ThreadInspection\\Images\\fa8e70d7-bd12-4bcb-9db0-c978ab122082.png",
      "maskPath": "D:\\_DEV\\Ai\\DeepLearningProjects\\Segmentation\\ThreadInspection\\Masks\\fa8e70d7-bd12-4bcb-9db0-c978ab122082.png",
      "roi": {
        "location": {
          "isEmpty": false,
          "x": 72,
          "y": 95
        },
        "size": {
          "isEmpty": false,
          "width": 324,
          "height": 296
        },
        "x": 72,
        "y": 95,
        "width": 324,
        "height": 296,
        "left": 72,
        "top": 95,
        "right": 396,
        "bottom": 391,
        "isEmpty": false
      },
      "split": "test",
      "segmentationStats": {
        "tp": 684,
        "fp": 164,
        "fn": 537,
        "tn": 313543,
        "accuracy": 0.9977740943961477,
        "precision": 0.8066037735753938,
        "recall": 0.5601965601919723,
        "specificity": 0.999477219188574,
        "dice": 0.6611889801804679,
        "ioU": 0.4938628158809108,
        "fpr": 0.0005227808113940548,
        "inferenceMs": 79.4959
      },
      "addedAt": "2025-11-24T20:39:47.8783519+01:00"
    },
    {
      "guid": "64843df1-8577-4a0a-9195-83a1fb51ec90",
      "path": "D:\\_DEV\\Ai\\DeepLearningProjects\\Segmentation\\ThreadInspection\\Images\\64843df1-8577-4a0a-9195-83a1fb51ec90.png",
      "maskPath": "D:\\_DEV\\Ai\\DeepLearningProjects\\Segmentation\\ThreadInspection\\Masks\\64843df1-8577-4a0a-9195-83a1fb51ec90.png",
      "roi": {
        "location": {
          "isEmpty": false,
          "x": 308,
          "y": 0
        },
        "size": {
          "isEmpty": false,
          "width": 311,
          "height": 224
        },
        "x": 308,
        "y": 0,
        "width": 311,
        "height": 224,
        "left": 308,
        "top": 0,
        "right": 619,
        "bottom": 224,
        "isEmpty": false
      },
      "split": "test",
      "segmentationStats": {
        "tp": 350,
        "fp": 201,
        "fn": 472,
        "tn": 313905,
        "accuracy": 0.997863003607142,
        "precision": 0.6352087114222285,
        "recall": 0.4257907542527276,
        "specificity": 0.9993600886324681,
        "dice": 0.5098324836088141,
        "ioU": 0.3421309872889332,
        "fpr": 0.0006399113675001228,
        "inferenceMs": 74.9177
      },
      "addedAt": "2025-11-24T20:39:47.8990061+01:00"
    }
  ],
  "features": [
    {
      "id": 0,
      "name": "feature",
      "argb": -16744256
    }
  ],
  "settings": {
    "heatmapThreshold": 0,
    "preprocessingSettings": {
      "normalization": {
        "mean": [
          0.84463155
        ],
        "std": [
          0.1914119
        ]
      },
      "trainAsGreyscale": true,
      "downSample": 0,
      "sliceSize": 48,
      "borderPadding": true,
      "trainOnlyFeatures": false
    },
    "trainModelSettings": {
      "modelComplexity": "medium",
      "device": "gpu"
    },
    "augmentationSettings": {
      "augmentationMode": "standard",
      "luminance": 0,
      "contrast": 0,
      "brightness": 0,
      "noise": 0,
      "gaussianBlur": 0,
      "rotation": 0,
      "flipVertical": false,
      "flipHorizontal": false,
      "relativeTranslation": 0,
      "minScale": 0,
      "maxScale": 0,
      "horizontalShear": 0,
      "verticalShear": 0
    },
    "trainingStoppingSettings": {
      "maxIterationCount": 300,
      "iterationWithoutImprovement": 0,
      "maxTrainingTime": 0,
      "minValidationError": 0
    }
  },
  "cpuMemoryBudgetBytes": 68273082368,
  "gpuMemoryBudgetBytes": 8589410304
}