<?xml version="1.0" encoding="utf-8"?>
<UNetParameter xmlns:xsi="http://www.w3.org/2001/XMLSchema-instance" xmlns:xsd="http://www.w3.org/2001/XMLSchema">
  <MaxEpochs>150</MaxEpochs>
  <LearningRate>0.001</LearningRate>
  <BatchSize>30</BatchSize>
  <Features>1</Features>
  <StopAtLoss>0.05</StopAtLoss>
  <TrainImagesAsGreyscale>false</TrainImagesAsGreyscale>
  <SplitTrainValidationSet>0.8</SplitTrainValidationSet>
  <TrainPrecision>Float32</TrainPrecision>
  <TrainOnDevice>CUDA</TrainOnDevice>
  <FirstFilterSize>64</FirstFilterSize>
</UNetParameter>