{
  "heatmapThreshold": 127,
  "preprocessingSettings": {
    "normalization": {
      "mean": [
        0.84463155
      ],
      "std": [
        0.1914119
      ]
    },
    "trainAsGreyscale": true,
    "downSample": 0,
    "sliceSize": 48,
    "borderPadding": true,
    "trainOnlyFeatures": false
  },
  "trainModelSettings": {
    "modelComplexity": "medium",
    "device": "gpu"
  },
  "augmentationSettings": {
    "augmentationMode": "standard",
    "luminance": 0,
    "contrast": 0,
    "brightness": 0,
    "noise": 0,
    "gaussianBlur": 0,
    "rotation": 0,
    "flipVertical": false,
    "flipHorizontal": false,
    "relativeTranslation": 0,
    "minScale": 0,
    "maxScale": 0,
    "horizontalShear": 0,
    "verticalShear": 0
  },
  "trainingStoppingSettings": {
    "maxIterationCount": 300,
    "iterationWithoutImprovement": 0,
    "maxTrainingTime": 0,
    "minValidationError": 0
  }
}