{
  "images": [
    {
      "guid": "e18afffb-416f-4943-a810-5de00c6597ac",
      "path": "C:\\Users\\flavi\\Desktop\\ThreadInspection\\ThreadInspection\\Images\\e18afffb-416f-4943-a810-5de00c6597ac.png",
      "maskPath": "C:\\Users\\flavi\\Desktop\\ThreadInspection\\ThreadInspection\\Masks\\e18afffb-416f-4943-a810-5de00c6597ac.png",
      "roi": {
        "location": {
          "isEmpty": true,
          "x": 0,
          "y": 0
        },
        "size": {
          "isEmpty": false,
          "width": 648,
          "height": 486
        },
        "x": 0,
        "y": 0,
        "width": 648,
        "height": 486,
        "left": 0,
        "top": 0,
        "right": 648,
        "bottom": 486,
        "isEmpty": false
      },
      "split": "train",
      "segmentationStats": {
        "tp": 1081,
        "fp": 155,
        "fn": 177,
        "tn": 313515,
        "accuracy": 0.9989457907838935,
        "precision": 0.8745954692485874,
        "recall": 0.8593004769407051,
        "specificity": 0.999505850097204,
        "dice": 0.8668805132282804,
        "ioU": 0.7650389242691789,
        "fpr": 0.0004941499027640357,
        "inferenceMs": 237.0449
      },
      "addedAt": "2025-11-24T20:39:37.2392393+01:00"
    },
    {
      "guid": "ff2afe2e-999e-4b35-a415-2bb97f93da2c",
      "path": "C:\\Users\\flavi\\Desktop\\ThreadInspection\\ThreadInspection\\Images\\ff2afe2e-999e-4b35-a415-2bb97f93da2c.png",
      "maskPath": "C:\\Users\\flavi\\Desktop\\ThreadInspection\\ThreadInspection\\Masks\\ff2afe2e-999e-4b35-a415-2bb97f93da2c.png",
      "roi": {
        "location": {
          "isEmpty": true,
          "x": 0,
          "y": 0
        },
        "size": {
          "isEmpty": false,
          "width": 648,
          "height": 486
        },
        "x": 0,
        "y": 0,
        "width": 648,
        "height": 486,
        "left": 0,
        "top": 0,
        "right": 648,
        "bottom": 486,
        "isEmpty": false
      },
      "split": "train",
      "segmentationStats": {
        "tp": 451,
        "fp": 73,
        "fn": 85,
        "tn": 314319,
        "accuracy": 0.9994982980236434,
        "precision": 0.8606870228843381,
        "recall": 0.841417910432063,
        "specificity": 0.9997678057965533,
        "dice": 0.8509433962183874,
        "ioU": 0.7405582922702699,
        "fpr": 0.00023219420341483776,
        "inferenceMs": 29.2577
      },
      "addedAt": "2025-11-24T20:39:37.3092853+01:00"
    },
    {
      "guid": "de384efa-1870-4c8c-beff-005a9d71bca0",
      "path": "C:\\Users\\flavi\\Desktop\\ThreadInspection\\ThreadInspection\\Images\\de384efa-1870-4c8c-beff-005a9d71bca0.png",
      "maskPath": "C:\\Users\\flavi\\Desktop\\ThreadInspection\\ThreadInspection\\Masks\\de384efa-1870-4c8c-beff-005a9d71bca0.png",
      "roi": {
        "location": {
          "isEmpty": false,
          "x": 132,
          "y": 119
        },
        "size": {
          "isEmpty": false,
          "width": 389,
          "height": 367
        },
        "x": 132,
        "y": 119,
        "width": 389,
        "height": 367,
        "left": 132,
        "top": 119,
        "right": 521,
        "bottom": 486,
        "isEmpty": false
      },
      "split": "train",
      "segmentationStats": {
        "tp": 834,
        "fp": 130,
        "fn": 515,
        "tn": 313449,
        "accuracy": 0.9979519128181362,
        "precision": 0.8651452282067931,
        "recall": 0.6182357301659138,
        "specificity": 0.9995854314223529,
        "dice": 0.7211413748347552,
        "ioU": 0.5638945233227594,
        "fpr": 0.00041456857761519697,
        "inferenceMs": 30.2464
      },
      "addedAt": "2025-11-24T20:39:37.331437+01:00"
    },
    {
      "guid": "ee318912-ee7c-4f65-b2b5-6137f144f8bf",
      "path": "C:\\Users\\flavi\\Desktop\\ThreadInspection\\ThreadInspection\\Images\\ee318912-ee7c-4f65-b2b5-6137f144f8bf.png",
      "maskPath": "C:\\Users\\flavi\\Desktop\\ThreadInspection\\ThreadInspection\\Masks\\ee318912-ee7c-4f65-b2b5-6137f144f8bf.png",
      "roi": {
        "location": {
          "isEmpty": false,
          "x": 184,
          "y": 0
        },
        "size": {
          "isEmpty": false,
          "width": 410,
          "height": 344
        },
        "x": 184,
        "y": 0,
        "width": 410,
        "height": 344,
        "left": 184,
        "top": 0,
        "right": 594,
        "bottom": 344,
        "isEmpty": false
      },
      "split": "train",
      "segmentationStats": {
        "tp": 1693,
        "fp": 291,
        "fn": 347,
        "tn": 312597,
        "accuracy": 0.9979741401208848,
        "precision": 0.8533266128989249,
        "recall": 0.8299019607802456,
        "specificity": 0.9990699547441576,
        "dice": 0.8414512922444298,
        "ioU": 0.7262977262946105,
        "fpr": 0.0009300452558103561,
        "inferenceMs": 30.7752
      },
      "addedAt": "2025-11-24T20:39:37.3570984+01:00"
    },
    {
      "guid": "21b95fa1-a9dc-4d8e-9da9-b12270153999",
      "path": "C:\\Users\\flavi\\Desktop\\ThreadInspection\\ThreadInspection\\Images\\21b95fa1-a9dc-4d8e-9da9-b12270153999.png",
      "maskPath": "C:\\Users\\flavi\\Desktop\\ThreadInspection\\ThreadInspection\\Masks\\21b95fa1-a9dc-4d8e-9da9-b12270153999.png",
      "roi": {
        "location": {
          "isEmpty": false,
          "x": 263,
          "y": 13
        },
        "size": {
          "isEmpty": false,
          "width": 367,
          "height": 388
        },
        "x": 263,
        "y": 13,
        "width": 367,
        "height": 388,
        "left": 263,
        "top": 13,
        "right": 630,
        "bottom": 401,
        "isEmpty": false
      },
      "split": "validate",
      "segmentationStats": {
        "tp": 951,
        "fp": 149,
        "fn": 899,
        "tn": 312929,
        "accuracy": 0.9966722552456118,
        "precision": 0.8645454545375951,
        "recall": 0.5140540540512755,
        "specificity": 0.999524080261117,
        "dice": 0.6447457627096789,
        "ioU": 0.47573786893208736,
        "fpr": 0.0004759197388510059,
        "inferenceMs": 30.533
      },
      "addedAt": "2025-11-24T20:39:37.3797586+01:00"
    },
    {
      "guid": "cb251250-ff05-445c-be6e-a61bd3cb05dc",
      "path": "C:\\Users\\flavi\\Desktop\\ThreadInspection\\ThreadInspection\\Images\\cb251250-ff05-445c-be6e-a61bd3cb05dc.png",
      "maskPath": "C:\\Users\\flavi\\Desktop\\ThreadInspection\\ThreadInspection\\Masks\\cb251250-ff05-445c-be6e-a61bd3cb05dc.png",
      "roi": {
        "location": {
          "isEmpty": false,
          "x": 4,
          "y": 93
        },
        "size": {
          "isEmpty": false,
          "width": 447,
          "height": 298
        },
        "x": 4,
        "y": 93,
        "width": 447,
        "height": 298,
        "left": 4,
        "top": 93,
        "right": 451,
        "bottom": 391,
        "isEmpty": false
      },
      "split": "validate",
      "segmentationStats": {
        "tp": 1472,
        "fp": 184,
        "fn": 781,
        "tn": 312491,
        "accuracy": 0.9969358075496304,
        "precision": 0.8888888888835212,
        "recall": 0.6533510874360704,
        "specificity": 0.9994115295434237,
        "dice": 0.7531337938072317,
        "ioU": 0.6040213377078211,
        "fpr": 0.0005884704565443164,
        "inferenceMs": 29.6174
      },
      "addedAt": "2025-11-24T20:39:37.4012517+01:00"
    },
    {
      "guid": "ef055af1-bb45-4cfd-80ff-33d7cbdb0500",
      "path": "C:\\Users\\flavi\\Desktop\\ThreadInspection\\ThreadInspection\\Images\\ef055af1-bb45-4cfd-80ff-33d7cbdb0500.png",
      "maskPath": "C:\\Users\\flavi\\Desktop\\ThreadInspection\\ThreadInspection\\Masks\\ef055af1-bb45-4cfd-80ff-33d7cbdb0500.png",
      "roi": {
        "location": {
          "isEmpty": false,
          "x": 160,
          "y": 154
        },
        "size": {
          "isEmpty": false,
          "width": 322,
          "height": 305
        },
        "x": 160,
        "y": 154,
        "width": 322,
        "height": 305,
        "left": 160,
        "top": 154,
        "right": 482,
        "bottom": 459,
        "isEmpty": false
      },
      "split": "train",
      "segmentationStats": {
        "tp": 1135,
        "fp": 233,
        "fn": 574,
        "tn": 312986,
        "accuracy": 0.9974375095259552,
        "precision": 0.8296783625670345,
        "recall": 0.6641310707977524,
        "specificity": 0.9992561115385401,
        "dice": 0.7377315567086847,
        "ioU": 0.584449021624179,
        "fpr": 0.0007438884614279228,
        "inferenceMs": 33.8311
      },
      "addedAt": "2025-11-24T20:39:37.485925+01:00"
    },
    {
      "guid": "4798c29c-eb19-454b-9684-57426d13992a",
      "path": "C:\\Users\\flavi\\Desktop\\ThreadInspection\\ThreadInspection\\Images\\4798c29c-eb19-454b-9684-57426d13992a.png",
      "maskPath": "C:\\Users\\flavi\\Desktop\\ThreadInspection\\ThreadInspection\\Masks\\4798c29c-eb19-454b-9684-57426d13992a.png",
      "roi": {
        "location": {
          "isEmpty": false,
          "x": 258,
          "y": 19
        },
        "size": {
          "isEmpty": false,
          "width": 342,
          "height": 268
        },
        "x": 258,
        "y": 19,
        "width": 342,
        "height": 268,
        "left": 258,
        "top": 19,
        "right": 600,
        "bottom": 287,
        "isEmpty": false
      },
      "split": "train",
      "segmentationStats": {
        "tp": 1530,
        "fp": 246,
        "fn": 459,
        "tn": 312693,
        "accuracy": 0.9977613930802914,
        "precision": 0.8614864864816358,
        "recall": 0.7692307692269018,
        "specificity": 0.9992139043071973,
        "dice": 0.8127490039819051,
        "ioU": 0.6845637583861989,
        "fpr": 0.0007860956927707704,
        "inferenceMs": 26.8149
      },
      "addedAt": "2025-11-24T20:39:37.5040608+01:00"
    },
    {
      "guid": "fa8e70d7-bd12-4bcb-9db0-c978ab122082",
      "path": "C:\\Users\\flavi\\Desktop\\ThreadInspection\\ThreadInspection\\Images\\fa8e70d7-bd12-4bcb-9db0-c978ab122082.png",
      "maskPath": "C:\\Users\\flavi\\Desktop\\ThreadInspection\\ThreadInspection\\Masks\\fa8e70d7-bd12-4bcb-9db0-c978ab122082.png",
      "roi": {
        "location": {
          "isEmpty": false,
          "x": 72,
          "y": 95
        },
        "size": {
          "isEmpty": false,
          "width": 324,
          "height": 296
        },
        "x": 72,
        "y": 95,
        "width": 324,
        "height": 296,
        "left": 72,
        "top": 95,
        "right": 396,
        "bottom": 391,
        "isEmpty": false
      },
      "split": "test",
      "segmentationStats": {
        "tp": 433,
        "fp": 183,
        "fn": 788,
        "tn": 313524,
        "accuracy": 0.9969167555758459,
        "precision": 0.7029220779106669,
        "recall": 0.3546273546244503,
        "specificity": 0.9994166531189613,
        "dice": 0.47142079477152193,
        "ioU": 0.3084045584023618,
        "fpr": 0.0005833468810067808,
        "inferenceMs": 26.7964
      },
      "addedAt": "2025-11-24T20:39:47.8783519+01:00"
    },
    {
      "guid": "64843df1-8577-4a0a-9195-83a1fb51ec90",
      "path": "C:\\Users\\flavi\\Desktop\\ThreadInspection\\ThreadInspection\\Images\\64843df1-8577-4a0a-9195-83a1fb51ec90.png",
      "maskPath": "C:\\Users\\flavi\\Desktop\\ThreadInspection\\ThreadInspection\\Masks\\64843df1-8577-4a0a-9195-83a1fb51ec90.png",
      "roi": {
        "location": {
          "isEmpty": false,
          "x": 308,
          "y": 0
        },
        "size": {
          "isEmpty": false,
          "width": 311,
          "height": 224
        },
        "x": 308,
        "y": 0,
        "width": 311,
        "height": 224,
        "left": 308,
        "top": 0,
        "right": 619,
        "bottom": 224,
        "isEmpty": false
      },
      "split": "test",
      "segmentationStats": {
        "tp": 148,
        "fp": 96,
        "fn": 674,
        "tn": 314010,
        "accuracy": 0.9975549966976262,
        "precision": 0.6065573770243214,
        "recall": 0.18004866179829623,
        "specificity": 0.9996943706901174,
        "dice": 0.2776735459636241,
        "ioU": 0.16122004357122854,
        "fpr": 0.000305629309850805,
        "inferenceMs": 26.0665
      },
      "addedAt": "2025-11-24T20:39:47.8990061+01:00"
    }
  ],
  "features": [
    {
      "id": 0,
      "name": "feature",
      "argb": -16744256
    }
  ],
  "settings": {
    "heatmapThreshold": 0,
    "preprocessingSettings": {
      "normalization": {
        "mean": [
          0.84463155
        ],
        "std": [
          0.1914119
        ]
      },
      "trainAsGreyscale": true,
      "downSample": 1,
      "sliceSize": 96,
      "borderPadding": true,
      "trainOnlyFeatures": false
    },
    "trainModelSettings": {
      "modelComplexity": "medium",
      "device": "gpu"
    },
    "augmentationSettings": {
      "augmentationMode": "standard",
      "luminance": 0,
      "contrast": 0,
      "brightness": 0,
      "noise": 0,
      "gaussianBlur": 0,
      "rotation": 0,
      "flipVertical": false,
      "flipHorizontal": false,
      "relativeTranslation": 0,
      "minScale": 0,
      "maxScale": 0,
      "horizontalShear": 0,
      "verticalShear": 0
    },
    "trainingStoppingSettings": {
      "maxIterationCount": 300,
      "iterationWithoutImprovement": 0,
      "maxTrainingTime": 0,
      "minValidationError": 0
    }
  },
  "cpuMemoryBudgetBytes": 68273082368,
  "gpuMemoryBudgetBytes": 8589410304
}