<?xml version="1.0" encoding="utf-8"?>
<UNetData xmlns:xsi="http://www.w3.org/2001/XMLSchema-instance" xmlns:xsd="http://www.w3.org/2001/XMLSchema">
  <ModelPath>D:\_DEV\DATA\Segmentation\RetinaVessel\model</ModelPath>
  <TrainGrabsPath>D:\_DEV\DATA\Segmentation\RetinaVessel\train\grabs</TrainGrabsPath>
  <TrainGrabsPrePath>D:\_DEV\DATA\Segmentation\RetinaVessel\train\grabsPre</TrainGrabsPrePath>
  <TrainMasksPath>D:\_DEV\DATA\Segmentation\RetinaVessel\train\masks</TrainMasksPath>
  <TrainMasksPrePath>D:\_DEV\DATA\Segmentation\RetinaVessel\train\masksPre</TrainMasksPrePath>
  <TestGrabsPath>D:\_DEV\DATA\Segmentation\RetinaVessel\test\grabs</TestGrabsPath>
  <TestHeatmapsPath>D:\_DEV\DATA\Segmentation\RetinaVessel\test\heatmaps</TestHeatmapsPath>
  <TrainLocationsPath>D:\_DEV\DATA\Segmentation\RetinaVessel\train\locations</TrainLocationsPath>
  <AmtDataset>240</AmtDataset>
  <SliceRoi>192</SliceRoi>
  <DownSampling>0</DownSampling>
  <ProjectDir>D:\_DEV\DATA\Segmentation\RetinaVessel\</ProjectDir>
  <WithBorderPadding>true</WithBorderPadding>
</UNetData>