<?xml version="1.0" encoding="utf-8"?>
<UNetModelParameter xmlns:xsi="http://www.w3.org/2001/XMLSchema-instance" xmlns:xsd="http://www.w3.org/2001/XMLSchema">
  <UNeModelParameterFile>ModelParameter.xml</UNeModelParameterFile>
  <MaxEpochs>250</MaxEpochs>
  <LearningRate>0.05</LearningRate>
  <BatchSize>20</BatchSize>
  <Features>1</Features>
  <StopAtLoss>0</StopAtLoss>
  <TrainImagesAsGreyscale>false</TrainImagesAsGreyscale>
  <SplitTrainValidationSet>1</SplitTrainValidationSet>
  <TrainPrecision>Float32</TrainPrecision>
  <TrainOnDevice>CUDA</TrainOnDevice>
  <FirstFilterSize>64</FirstFilterSize>
  <Depth>4</Depth>
  <UsePooling>true</UsePooling>
  <UseStridedConv>false</UseStridedConv>
  <UseDropout>false</UseDropout>
  <UseInstanceNorm>false</UseInstanceNorm>
  <UseInterpolationUp>false</UseInterpolationUp>
  <UseInterpolationDown>false</UseInterpolationDown>
  <UseChannelAttention>false</UseChannelAttention>
</UNetModelParameter>